starID,Teff,Tefferr,logg,loggerr,feh,feherr,d,derr,lumi,lumierr,Mass,Masserr,EEP,EEPerr,Age,Ageerr
2898239468873596800,5878.18,58.437,4.468838137506082,0.05210117027848682,0.07,0.02,21.8838,0.009,1.0829175265165003,0.005707726349209942,1.0829175265165003,0.014326206380751083,295.27271230450646,26.49006011909203,0.7772040964003181,0.506501255177073
307981178401165184,5354.72,140.729,4.251026500091499,0.024931927324221448,-0.3,0.05,184.7479,0.8905,1.0123279253595177,0.05437651508279506,1.0123279253595177,0.13502686240196723,289.596271995494,124.39972149502752,5.7310162646376925,6.336966888321992
69840879814047872,5718.95,57.218,4.480367207290307,0.06955695318756483,0.029,0.009,133.9339,0.3152,0.9859847610660685,0.006836599729775036,0.9859847610660685,0.015644036803912728,336.9456312201851,9.519852198512119,3.081887832296404,0.9043215399338075
