flux,starID
tycho2bt|-11.049368|-11.045606|gaiabp|-11.024505|-11.021882|tycho2vt|-10.996472|-10.995098|hipparcos2hp|-11.028428|-11.028307|gaiag|-11.10468|-11.106577|gaiarp|-11.197385|-11.206558|twomassj|-11.591147|-11.612605|twomassh|-11.95717|-11.91498|twomassk|-12.313276|-12.322847,2898239468873596800
