flux,starID
gaiabp|-13.119056|-13.106375|gaiag|-13.156774|-13.161117|gaiarp|-13.22336|-13.229336|twomassj|-13.586853|-13.581803|twomassk|-14.246206|-14.243914,307981178401165184
