flux,starID
apassb|-12.67557|-12.660057|apassg|-12.648671|-12.632365|gaiabp|-12.665416|-12.666392|apassv|-12.668087|-12.650358|apassr|-12.700413|-12.692631|gaiag|-12.749761|-12.751087|apassi|-12.801792|-12.817173|panstarrsps1i|-12.823445|-12.819675|gaiarp|-12.848046|-12.851068|panstarrsps1z|-12.923293|-12.935864|twomassj|-13.249292|-13.257115|twomassk|-13.969808|-13.967357|wisew1|-14.682939|-14.680092|wisew2|-15.222855|-15.214442,69840879814047872
