starID,Teff,Tefferr,logg,loggerr,feh,feherr,d,derr,lumi,lumierr,Mass,Masserr,EEP,EEPerr,Age,Ageerr
2898239468873596800,5877.97,58.316,4.469039534206012,0.04834157617277768,0.07,0.02,21.8838,0.009,1.0834259378961077,0.006045488371398192,1.0834259378961077,0.015187019763647223,293.39332666686397,28.773131040597168,0.7664366829993241,0.5356866366109327
