starID,Teff,Tefferr,logg,loggerr,feh,feherr,d,derr,lumi,lumierr,Mass,Masserr,EEP,EEPerr,Age,Ageerr
307981178401165184,5353.95,140.498,4.251472065915859,0.026332166036278082,-0.3,0.05,184.7479,0.8905,1.027402882741257,0.05203874159953871,1.027402882741257,0.13078634577489784,274.8910715067793,122.10495582172638,4.957387828529353,6.175902003768391
