starID,Teff,Tefferr,logg,loggerr,feh,feherr,d,derr,lumi,lumierr,Mass,Masserr,EEP,EEPerr,Age,Ageerr
69840879814047872,5718.95,57.078,4.479255045706504,0.06205083140187728,0.029,0.009,133.9339,0.3152,0.986110446505438,0.006821992953401942,0.986110446505438,0.015612339125252487,336.396217404114,9.360333099981107,3.026121983681807,0.895445347826563
